{"type":"Topology","transform":{"scale":[0.00005998959715286205,0.000051771994110588434],"translate":[113.54102136699835,23.086800914031464]},"arcs":[[[45,994],[51,135],[27,24],[-103,87],[63,80],[-46,105],[7,47],[-36,27],[-8,76],[67,115],[51,23],[41,-9],[110,-92],[44,49],[65,9],[69,58],[6,35],[46,8],[1,55],[69,81],[-61,62],[52,46],[-88,131],[18,35],[99,70],[6,57],[26,64],[-22,25],[85,68],[-47,104],[-58,73],[46,52],[-88,70],[-25,96],[48,50],[115,-18],[68,28],[33,60],[98,21],[50,66],[-40,29],[-12,37],[35,118],[-69,-5],[-6,41],[55,8],[19,98],[-34,17],[-30,72],[-4,61],[76,41],[35,49],[4,84],[-44,32],[-3,75],[-48,16],[-1,57],[-60,28],[-44,-25],[-71,10],[-3,69],[16,47],[68,-33],[17,51],[-30,72],[20,58],[-31,17],[17,45],[41,-4],[-31,86],[-4,46],[-33,47],[38,47],[67,-15],[70,-115],[33,-24],[62,32],[15,93],[-92,-2],[-58,51],[-53,19],[-55,48],[-34,10],[-29,120],[2,100],[-35,18],[-66,78],[13,33],[58,38],[12,44],[58,22],[-54,46],[18,65],[-58,27],[-36,62],[-75,61],[-24,3],[-41,55],[-24,-2],[-5,102],[-60,50],[-32,7],[-72,57],[41,69],[-5,160],[29,85],[75,68],[45,-26],[49,20],[-26,107],[-32,26],[54,57],[-18,62],[34,48],[60,38],[62,62],[21,40],[-24,110],[202,111],[2,52],[33,21],[74,128],[79,-18],[62,65],[43,19],[31,47],[9,54],[81,21],[19,131],[76,-13],[104,76],[5,26],[112,113],[30,58],[56,-26],[142,-29],[83,26],[75,-8],[45,114],[48,62],[64,23],[-13,44],[14,135],[16,60],[81,3],[81,98],[-28,54],[44,46],[63,9],[39,25],[27,46],[43,23],[93,15],[13,34],[55,51],[-8,35],[46,57],[26,1],[73,64],[63,15],[25,46],[-80,134],[34,53],[50,31],[45,143],[9,70],[28,54],[51,31],[24,-22],[67,-14],[35,27],[10,80],[-27,28],[1,62],[-27,19],[7,107],[-22,38],[-1,105],[-18,46],[45,9],[73,55],[88,23],[-2,69],[45,129],[7,86],[66,89],[5,98],[-12,54],[36,18],[37,52],[97,28],[50,42],[147,71],[41,45],[141,-12],[51,-26],[37,8],[61,-24],[74,41],[62,2],[27,-63],[40,-11],[67,27],[153,28],[33,-14],[34,50],[81,9],[39,55],[37,0],[36,34],[54,-62],[86,12],[64,-18],[89,-5],[94,-86],[71,-7],[34,-68],[-17,-48],[31,-37],[-65,-116],[-21,-58],[35,-60],[76,-70],[-54,-55],[-45,-10],[-48,-140],[-73,-43],[11,-49],[36,-20],[-14,-69],[96,18],[79,-53],[12,-94],[69,-96],[-28,-57],[34,-43],[20,-69],[-2,-51],[22,-75],[49,-30],[66,-4],[29,-42],[74,5],[67,-45],[46,-15],[-32,-106],[73,-153],[73,-19],[63,-98],[59,-13],[15,-48],[65,-63],[-3,-72],[98,4],[23,-18],[107,3],[48,-61],[7,-60],[72,-58],[57,16],[93,-12],[54,-19],[62,20],[4,-35],[-51,-101],[-70,-98],[-73,3],[-32,28],[-21,-54],[55,-61],[64,-26],[92,27],[117,11],[80,-10],[95,43],[49,-9],[58,-43],[56,-1],[81,46],[-7,-44],[91,-94],[-52,-63],[-39,-2],[-1,-54],[-21,-33],[-39,3],[-18,49],[-77,6],[-47,-70],[-104,-1],[-56,28],[-30,-137],[20,-37],[-13,-82],[40,-40],[-11,-87],[-40,-13],[-19,-38],[45,-43],[5,-62],[53,-35],[26,-86],[98,4],[22,-18],[69,-5],[83,-44],[50,37],[77,4],[72,47],[24,-67],[-19,-20],[-18,-82],[-56,-55],[58,-84],[-48,-75],[-9,-60],[29,-81],[92,-21],[41,-91],[74,-9],[38,-66],[-14,-42],[21,-85],[-147,-89],[-65,-17],[-33,-55],[-69,-43],[9,-90],[45,-57],[19,-104],[30,-67],[34,-31],[6,-110],[76,-93],[60,-8],[36,-32],[13,-80],[-57,-61],[-15,-92],[-42,-62],[-67,13],[-51,-70],[-7,-41],[35,-18],[-3,-152],[33,-19],[39,-101],[57,-81],[-15,-77],[6,-89],[-67,-42],[-64,-2],[-78,58],[-75,-10],[-36,19],[12,45],[-25,51],[-60,11],[-23,36],[-46,5],[-46,50],[-92,31],[-32,42],[53,111],[4,54],[-39,77],[12,35],[-39,30],[-2,62],[-72,26],[-94,1],[-85,64],[-32,73],[-35,-16],[-80,13],[-82,-60],[-57,31],[-85,-2],[-36,24],[-119,14],[-40,32],[-67,28],[-55,0],[-69,-23],[-48,-49],[-25,-55],[-19,-87],[-21,-21],[-17,-109],[105,18],[-6,-55],[-37,-19],[5,-73],[87,-27],[-43,-71],[-4,-127],[-47,-39],[7,-46],[-38,-115],[4,-106],[-49,-59],[48,-55],[3,-65],[-39,-117],[-44,-34],[-39,-117],[-84,-41],[-35,-63],[28,-35],[39,11],[50,-26],[37,-111],[104,-6],[11,-56],[48,-36],[2,-38],[-84,-70],[-15,-80],[53,-64],[8,-58],[23,-25],[11,-98],[73,-155],[85,-48],[-30,-152],[-52,28],[-39,-11],[-50,21],[-24,-50],[-13,-129],[-70,3],[-4,-98],[-59,-38],[21,-48],[-50,-67],[53,-47],[6,-107],[48,-109],[58,-22],[28,34],[80,1],[10,-43],[68,-12],[-40,-108],[-101,-114],[-90,-22],[-66,41],[-78,-7],[-60,19],[-89,-30],[-37,-25],[-6,-57],[-81,-28],[-98,-17],[-28,-34],[-14,-64],[-80,-48],[-51,-48],[-8,-97],[13,-37],[-55,-102],[1,-64],[54,-16],[-35,-78],[-35,-31],[-15,-58],[-52,3],[-23,-102],[-45,28],[-91,33],[-95,52],[-153,68],[-43,57],[-54,-13],[-85,8],[-82,-9],[-101,-28],[-89,-8],[-173,73],[-162,0],[-53,-18],[-162,-1],[-65,29],[-235,171],[-48,18],[-182,17],[-9,-23],[-69,-40],[-101,-25],[-113,-99],[-93,-43],[-185,-164],[-161,-70],[-139,-17],[-54,-21],[-142,-97],[-25,24],[34,53],[2,40],[-39,10],[-67,-28],[-33,80],[-28,-5],[-66,-70],[-70,-49],[-13,-28],[38,-56],[-57,-100],[-37,-7],[-148,9],[-285,-5],[-46,-8],[-66,-40],[-108,-127],[-150,-115],[-137,-60],[-105,-11],[-97,-30],[-13,103],[-17,48],[-44,16],[-29,92],[-41,-8],[-62,27],[-90,111],[-2,63],[-33,9],[30,98],[30,48],[71,66],[3,78],[-35,42],[22,66],[-25,15],[-16,87],[-41,28],[-48,5]]],"objects":{"440183":{"type":"GeometryCollection","geometries":[{"arcs":[[0]],"type":"Polygon","id":"440183"}]}},"crs":{"type":"EPSG","properties":{"code":"4326"}}}