{"type":"Topology","transform":{"scale":[0.0052446242601333634,0.002643903912977791],"translate":[80,5]},"arcs":[[[13347,13238],[0,-13238],[-13347,0],[0,13238],[13347,0]],[[6396,6860],[0,0],[1,0],[0,-2],[0,0],[0,-2],[0,0],[0,-2],[0,-1],[-1,-1],[0,-2],[0,0],[0,-1],[1,-3],[1,0],[1,0],[0,-2],[0,0],[1,-1],[0,-2],[1,1],[1,0],[2,1],[1,2],[2,3],[0,0],[1,1],[3,0],[2,0],[0,0],[1,2],[-1,1],[1,0],[0,1],[1,2],[0,0],[1,-2],[1,1],[0,-1],[0,0],[0,-1],[0,-1],[2,2],[0,0],[2,1],[2,1],[2,3],[1,1],[1,2],[1,1],[1,0],[0,1],[2,0],[1,-1],[2,-3],[1,-1],[2,0],[1,1],[1,0],[2,-2],[1,0],[2,1],[1,0],[1,0],[0,0],[1,-1],[1,-1],[1,-1],[2,-1],[0,0],[0,2],[1,0],[0,1],[0,0],[1,2],[-1,0],[0,1],[1,2],[0,1],[0,2],[0,1],[1,1],[0,1],[1,1],[1,0],[1,1],[0,1],[0,0],[1,1],[1,-1],[1,1],[1,-1],[1,0],[1,2],[0,3],[0,0],[-1,1],[0,0],[-1,-1],[0,0],[-1,3],[0,2],[-1,1],[1,1],[0,1],[0,1],[0,1],[1,0],[0,3],[1,1],[0,0],[1,0],[0,-1],[1,3],[-1,1],[-1,3],[0,2],[-1,1],[0,1],[0,1],[0,1],[1,2],[0,1],[-1,0],[0,1],[-1,1],[-1,2],[0,0],[-1,0],[0,1],[1,1],[0,1],[1,2],[0,1],[1,2],[0,1],[-1,1],[1,1],[0,3],[0,2],[0,1],[1,0],[0,3],[0,1],[-1,1],[0,1],[1,1],[0,1],[-2,-1],[1,3],[0,0],[0,2],[0,1],[1,1],[1,0],[0,0],[1,0],[1,-1],[1,0],[0,-1],[1,0],[1,0],[1,1],[1,0],[0,0],[1,-2],[1,-1],[1,0],[1,0],[0,-2],[0,0],[0,-1],[0,-1],[0,-1],[0,-3],[0,0],[1,-1],[1,-1],[0,0],[0,-1],[1,0],[0,-1],[0,-1],[1,0],[0,0],[1,-1],[1,0],[1,1],[0,1],[0,2],[-1,2],[0,1],[-1,1],[1,3],[-1,0],[0,1],[1,1],[1,0],[0,1],[0,2],[1,1],[0,2],[-1,1],[0,0],[-1,1],[0,3],[-1,0],[0,2],[0,2],[-1,1],[0,1],[1,1],[0,1],[1,1],[2,1],[-1,2],[1,1],[-1,1],[-1,0],[0,2],[-1,1],[-1,1],[1,1],[0,2],[-1,1],[1,2],[0,1],[1,1],[-1,1],[-1,-1],[0,0],[-1,-1],[-1,1],[-1,0],[0,0],[-1,0],[0,2],[-1,1],[0,1],[-1,1],[1,1],[0,0],[0,2],[0,0],[0,2],[0,1],[0,2],[1,0],[1,0],[0,1],[1,0],[0,-1],[1,0],[0,1],[0,1],[1,0],[0,1],[-1,2],[0,1],[-1,-1],[0,0],[-1,1],[-1,0],[-1,-1],[-1,0],[-1,0],[-1,-1],[-1,1],[0,1],[0,1],[0,0],[1,0],[1,2],[1,1],[-1,1],[0,0],[-1,0],[-1,0],[-1,0],[0,1],[0,1],[-1,2],[-1,0],[-1,0],[-1,0],[0,1],[0,1],[-1,1],[0,1],[-1,2],[-1,0],[-1,3],[1,2],[-1,0],[-1,1],[0,0],[-1,1],[0,0],[-1,1],[0,1],[0,1],[0,1],[-1,1],[0,1],[0,2],[0,2],[-1,1],[-1,0],[0,1],[-1,0],[0,1],[1,1],[1,3],[0,0],[1,1],[-1,2],[-1,1],[1,1],[0,2],[0,1],[0,1],[0,1],[-1,0],[-1,2],[-1,0],[-1,1],[-1,-1],[0,2],[-1,-1],[0,0],[-1,-1],[-1,0],[0,-1],[0,0],[-2,-1],[-1,0],[0,0],[-1,1],[0,0],[-1,-1],[-1,1],[0,0],[-1,0],[-2,0],[0,0],[-2,-2],[0,-1],[-1,0],[-1,-1],[0,-1],[0,-1],[0,-2],[-1,-1],[0,-2],[0,-2],[0,-2],[-1,0],[-1,-1],[-1,-1],[0,0],[0,-2],[1,-1],[0,-2],[0,-1],[0,-1],[0,0],[0,-2],[0,-1],[-1,1],[0,0],[-1,0],[0,-2],[0,-1],[-1,-3],[0,0],[-1,-1],[1,-3],[0,-1],[-1,0],[-1,-1],[0,0],[-1,-2],[1,0],[-1,-1],[0,-1],[-1,0],[-1,-1],[0,-1],[-1,0],[0,0],[-1,-1],[1,-1],[-1,-2],[-1,0],[-1,-1],[0,-3],[0,-1],[0,0],[-1,-1],[0,-3],[-1,0],[-1,0],[-2,1],[0,0],[-1,-1],[-1,-2],[0,-1],[-1,-1],[-1,0],[0,-3],[-1,0],[0,-1],[-1,-1],[0,0],[-1,-2],[-1,1],[-1,-3],[0,0],[0,-1],[-2,-2],[0,-3],[0,0],[-1,-2],[-1,0],[0,-1],[0,-1],[-1,-2],[1,0],[0,-2],[0,-1],[-1,1],[-1,-1],[0,-2],[0,-3],[-1,-2],[1,-1],[1,0],[0,-1],[0,-2],[1,0],[0,-1],[0,0],[1,-1],[1,-1],[0,-1],[0,-1],[1,-1],[-1,0],[0,-1],[-1,-1],[0,-1],[1,-1],[0,-1],[0,-2],[1,-2],[0,0],[1,-1],[0,0],[1,-1],[1,0],[0,-2],[-1,-1],[0,1],[-1,2],[-1,0],[0,-1],[0,-1],[0,-1],[0,-1],[0,0],[0,-1],[0,0],[0,-1],[0,-2],[0,-1],[-1,1],[0,-1],[0,-1],[1,-1],[0,1],[1,-1],[0,-1],[1,0],[0,-2],[0,0],[0,-2],[0,-1],[-1,-1],[0,-1],[0,-1],[1,-1],[-1,-2],[0,0],[0,0],[1,0],[-1,-3],[0,0],[1,-1],[-1,-1],[-1,-1],[0,-1],[-1,0],[-1,0],[-1,-1],[0,-2],[1,-1],[0,-1],[1,-2],[0,-2],[-1,-1],[0,-1],[0,-1],[0,-1],[-1,-1],[0,-1],[1,-3],[-1,0],[1,-2],[-1,-1],[0,-1],[-1,-1],[0,0],[0,-1],[-1,-1],[-1,0],[-1,1],[0,0],[-1,0],[-1,-2],[0,-2],[1,0],[0,-1],[0,-2],[0,-2],[1,-1],[-1,-1],[0,-3]]],"objects":{"440183":{"type":"GeometryCollection","geometries":[{"arcs":[[0],[1]],"type":"Polygon","id":"440183"}]}},"crs":{"type":"EPSG","properties":{"code":"4326"}}}